holiday,ds,lower_window,upper_window
Eid ul-Fitr,2022-05-03,-21,1
Eid ul-Fitr,2023-04-22,-21,1
Eid ul-Fitr,2024-04-11,-21,1
Eid ul-Fitr,2025-03-31,-21,1
Eid ul-Fitr,2026-03-21,-21,1
Eid ul-Fitr,2027-03-10,-21,1
Eid ul-Fitr,2028-02-27,-21,1
Eid ul-Adha,2022-07-10,-10,1
Eid ul-Adha,2023-06-29,-10,1
Eid ul-Adha,2024-06-17,-10,1
Eid ul-Adha,2025-06-07,-10,1
Eid ul-Adha,2026-05-27,-10,1
Eid ul-Adha,2027-05-17,-10,1
Eid ul-Adha,2028-05-05,-10,1
Pohela Boishakh,2022-04-14,-7,0
Pohela Boishakh,2023-04-14,-7,0
Pohela Boishakh,2024-04-14,-7,0
Pohela Boishakh,2025-04-14,-7,0
Pohela Boishakh,2026-04-14,-7,0
Pohela Boishakh,2027-04-14,-7,0
Pohela Boishakh,2028-04-14,-7,0
Pohela Falgun,2022-02-14,-5,0
Pohela Falgun,2023-02-14,-5,0
Pohela Falgun,2024-02-14,-5,0
Pohela Falgun,2025-02-14,-5,0
Pohela Falgun,2026-02-14,-5,0
Pohela Falgun,2027-02-14,-5,0
Pohela Falgun,2028-02-14,-5,0
Independence Day,2022-03-26,-3,0
Independence Day,2023-03-26,-3,0
Independence Day,2024-03-26,-3,0
Independence Day,2025-03-26,-3,0
Independence Day,2026-03-26,-3,0
Independence Day,2027-03-26,-3,0
Independence Day,2028-03-26,-3,0
Victory Day,2022-12-16,-3,0
Victory Day,2023-12-16,-3,0
Victory Day,2024-12-16,-3,0
Victory Day,2025-12-16,-3,0
Victory Day,2026-12-16,-3,0
Victory Day,2027-12-16,-3,0
Victory Day,2028-12-16,-3,0
